{
  "entities": [
    {
      "id": "p1",
      "type": "person",
      "name": "Witness A"
    },
    {
      "id": "org1",
      "type": "institution",
      "name": "Agency X"
    }
  ],
  "events": [
    {
      "id": "e1",
      "actor": "org1",
      "action": "Policy Denial",
      "ts": "2024-05-01"
    },
    {
      "id": "e2",
      "actor": "p1",
      "action": "Filed Complaint",
      "ts": "2024-06-15"
    }
  ],
  "links": [
    {
      "from": "e1",
      "to": "e2",
      "type": "causal"
    }
  ]
}